name,week,position,fpoints_ppr
Derrick Henry,1,RB,10.6
Derrick Henry,2,RB,16.6
Derrick Henry,3,RB,33.4
Derrick Henry,4,RB,38.9
Derrick Henry,5,RB,16.6
Derrick Henry,6,RB,28.2
Derrick Henry,7,RB,28.2
Derrick Henry,8,RB,14.7
Lamar Jackson,1,QB,29.1
Lamar Jackson,2,QB,17.4
Lamar Jackson,3,QB,26.0
Lamar Jackson,4,QB,24.6
Lamar Jackson,5,QB,37.4
Lamar Jackson,6,QB,22.9
Lamar Jackson,7,QB,35.4
Lamar Jackson,8,QB,24.2
Baker Mayfield,1,QB,29.7
Baker Mayfield,2,QB,19.8
Baker Mayfield,3,QB,9.5
Baker Mayfield,4,QB,31.9
Baker Mayfield,5,QB,23.4
Baker Mayfield,6,QB,31.9
Baker Mayfield,7,QB,32.0
Baker Mayfield,8,QB,27.3
Ja'Marr Chase,1,WR,12.2
Ja'Marr Chase,2,WR,7.5
Ja'Marr Chase,3,WR,32.8
Ja'Marr Chase,4,WR,17.5
Ja'Marr Chase,5,WR,44.3
Ja'Marr Chase,6,WR,12.2
Ja'Marr Chase,7,WR,17.6
Ja'Marr Chase,8,WR,20.4
Saquon Barkley,1,RB,36.2
Saquon Barkley,2,RB,17.6
Saquon Barkley,3,RB,36.6
Saquon Barkley,4,RB,13.6
Saquon Barkley,5,RB,7.4
Saquon Barkley,6,RB,29.7
Saquon Barkley,7,RB,15.1
Alvin Kamara,1,RB,22.0
Alvin Kamara,2,RB,47.0
Alvin Kamara,3,RB,15.7
Alvin Kamara,4,RB,24.9
Alvin Kamara,5,RB,12.6
Alvin Kamara,6,RB,17.4
Alvin Kamara,7,RB,8.4
Alvin Kamara,8,RB,18.2
George Kittle,1,TE,8.0
George Kittle,2,TE,20.6
George Kittle,4,TE,14.5
George Kittle,5,TE,20.4
George Kittle,6,TE,22.8
George Kittle,7,TE,15.2
George Kittle,8,TE,27.8
Kyren Williams,1,RB,14.4
Kyren Williams,2,RB,15.2
Kyren Williams,3,RB,31.6
Kyren Williams,4,RB,20.4
Kyren Williams,5,RB,19.5
Kyren Williams,6,RB,19.6
Kyren Williams,7,RB,22.6
Jahmyr Gibbs,1,RB,17.4
Jahmyr Gibbs,2,RB,17.6
Jahmyr Gibbs,3,RB,16.3
Jahmyr Gibbs,4,RB,19.8
Jahmyr Gibbs,5,RB,12.1
Jahmyr Gibbs,6,RB,35.0
Jahmyr Gibbs,7,RB,23.3
Jayden Daniels,1,QB,28.2
Jayden Daniels,2,QB,13.4
Jayden Daniels,3,QB,28.1
Jayden Daniels,4,QB,25.0
Jayden Daniels,5,QB,20.7
Jayden Daniels,6,QB,21.0
Jayden Daniels,7,QB,5.2
Jayden Daniels,8,QB,25.2
Justin Jefferson,1,WR,15.9
Justin Jefferson,2,WR,26.3
Justin Jefferson,3,WR,20.1
Justin Jefferson,4,WR,20.5
Justin Jefferson,5,WR,15.2
Justin Jefferson,6,WR,21.4
Justin Jefferson,7,WR,22.5
Josh Allen,1,QB,32.2
Josh Allen,2,QB,9.8
Josh Allen,3,QB,30.9
Josh Allen,4,QB,8.3
Josh Allen,5,QB,14.6
Josh Allen,6,QB,24.4
Josh Allen,7,QB,24.0
Josh Allen,8,QB,20.8
Brian Thomas,1,WR,14.7
Brian Thomas,2,WR,11.4
Brian Thomas,3,WR,9.8
Brian Thomas,4,WR,21.9
Brian Thomas,5,WR,26.2
Brian Thomas,6,WR,5.7
Brian Thomas,7,WR,22.1
Brian Thomas,8,WR,15.0
Bijan Robinson,1,RB,16.1
Bijan Robinson,2,RB,16.2
Bijan Robinson,3,RB,13.2
Bijan Robinson,4,RB,11.4
Bijan Robinson,5,RB,10.7
Bijan Robinson,6,RB,25.5
Bijan Robinson,7,RB,26.3
Bijan Robinson,8,RB,23.6
James Cook,1,RB,13.3
James Cook,2,RB,28.5
James Cook,3,RB,18.7
James Cook,4,RB,5.8
James Cook,5,RB,17.9
James Cook,7,RB,9.2
James Cook,8,RB,31.3
Chris Godwin,1,WR,22.3
Chris Godwin,2,WR,27.7
Chris Godwin,3,WR,17.3
Chris Godwin,4,WR,12.9
Chris Godwin,5,WR,11.6
Chris Godwin,6,WR,38.5
Chris Godwin,7,WR,13.5
CeeDee Lamb,1,WR,13.6
CeeDee Lamb,2,WR,19.0
CeeDee Lamb,3,WR,9.7
CeeDee Lamb,4,WR,23.6
CeeDee Lamb,5,WR,11.4
CeeDee Lamb,6,WR,16.1
CeeDee Lamb,7,WR,42.6
Jayden Reed,1,WR,36.1
Jayden Reed,2,WR,6.6
Jayden Reed,3,WR,10.9
Jayden Reed,4,WR,30.1
Jayden Reed,5,WR,13.7
Jayden Reed,6,WR,14.8
Jayden Reed,7,WR,3.0
Jayden Reed,8,WR,7.5
Drake London,1,WR,3.5
Drake London,2,WR,17.4
Drake London,3,WR,18.7
Drake London,4,WR,12.4
Drake London,5,WR,36.4
Drake London,6,WR,19.4
Drake London,7,WR,18.3
Drake London,8,WR,7.4
Joe Burrow,1,QB,8.1
Joe Burrow,2,QB,18.2
Joe Burrow,3,QB,28.4
Joe Burrow,4,QB,17.3
Joe Burrow,5,QB,37.8
Joe Burrow,6,QB,19.8
Joe Burrow,7,QB,14.9
Joe Burrow,8,QB,13.9
Josh Jacobs,1,RB,12.4
Josh Jacobs,2,RB,17.1
Josh Jacobs,3,RB,5.8
Josh Jacobs,4,RB,11.8
Josh Jacobs,5,RB,16.4
Josh Jacobs,6,RB,12.0
Josh Jacobs,7,RB,20.2
Josh Jacobs,8,RB,28.5
Jalen Hurts,1,QB,19.4
Jalen Hurts,2,QB,24.8
Jalen Hurts,3,QB,15.9
Jalen Hurts,4,QB,17.3
Jalen Hurts,5,QB,21.9
Jalen Hurts,6,QB,22.8
Jalen Hurts,7,QB,35.1
David Montgomery,1,RB,16.3
David Montgomery,2,RB,17.0
David Montgomery,3,RB,24.2
David Montgomery,4,RB,15.0
David Montgomery,5,RB,21.0
David Montgomery,6,RB,9.0
David Montgomery,7,RB,14.9
Terry McLaurin,1,WR,3.7
Terry McLaurin,2,WR,8.2
Terry McLaurin,3,WR,23.0
Terry McLaurin,4,WR,18.2
Terry McLaurin,5,WR,17.4
Terry McLaurin,6,WR,23.3
Terry McLaurin,7,WR,15.8
Terry McLaurin,8,WR,20.5
Tucker Kraft,1,TE,5.7
Tucker Kraft,2,TE,3.6
Tucker Kraft,3,TE,4.4
Tucker Kraft,4,TE,18.3
Tucker Kraft,5,TE,24.8
Tucker Kraft,6,TE,3.5
Tucker Kraft,7,TE,12.3
Tucker Kraft,8,TE,16.8
Kyler Murray,1,QB,15.2
Kyler Murray,2,QB,28.5
Kyler Murray,3,QB,15.8
Kyler Murray,4,QB,10.0
Kyler Murray,5,QB,25.1
Kyler Murray,6,QB,13.0
Kyler Murray,7,QB,21.2
Kyler Murray,8,QB,25.2
Joe Mixon,1,RB,29.8
Joe Mixon,2,RB,8.0
Joe Mixon,6,RB,30.2
Joe Mixon,7,RB,29.4
Joe Mixon,8,RB,26.4
Brock Purdy,1,QB,10.3
Brock Purdy,2,QB,19.0
Brock Purdy,3,QB,26.8
Brock Purdy,4,QB,15.6
Brock Purdy,5,QB,15.1
Brock Purdy,6,QB,24.1
Brock Purdy,7,QB,20.2
Brock Purdy,8,QB,26.0
James Conner,1,RB,19.3
James Conner,2,RB,22.4
James Conner,3,RB,3.5
James Conner,4,RB,21.3
James Conner,5,RB,14.0
James Conner,6,RB,7.6
James Conner,7,RB,20.2
James Conner,8,RB,14.9
Breece Hall,1,RB,19.3
Breece Hall,2,RB,24.4
Breece Hall,3,RB,18.3
Breece Hall,4,RB,3.8
Breece Hall,5,RB,6.7
Breece Hall,6,RB,24.9
Breece Hall,7,RB,29.1
Breece Hall,8,RB,9.9
Brock Bowers,1,TE,11.8
Brock Bowers,2,TE,18.8
Brock Bowers,3,TE,7.1
Brock Bowers,4,TE,5.1
Brock Bowers,5,TE,23.7
Brock Bowers,6,TE,16.1
Brock Bowers,7,TE,19.3
Brock Bowers,8,TE,10.8
Garrett Wilson,1,WR,12.0
Garrett Wilson,2,WR,10.2
Garrett Wilson,3,WR,14.3
Garrett Wilson,4,WR,8.1
Garrett Wilson,5,WR,32.1
Garrett Wilson,6,WR,27.7
Garrett Wilson,7,WR,13.1
Garrett Wilson,8,WR,19.3
Amon-Ra St. Brown,1,WR,4.3
Amon-Ra St. Brown,2,WR,25.9
Amon-Ra St. Brown,3,WR,20.5
Amon-Ra St. Brown,4,WR,20.8
Amon-Ra St. Brown,5,WR,13.7
Amon-Ra St. Brown,6,WR,28.2
Amon-Ra St. Brown,7,WR,8.7
Stefon Diggs,1,WR,21.9
Stefon Diggs,2,WR,7.7
Stefon Diggs,3,WR,19.9
Stefon Diggs,4,WR,18.5
Stefon Diggs,5,WR,14.2
Stefon Diggs,6,WR,19.7
Stefon Diggs,7,WR,7.3
Stefon Diggs,8,WR,12.7
Kyle Pitts,1,TE,11.6
Kyle Pitts,2,TE,5.0
Kyle Pitts,3,TE,7.9
Kyle Pitts,5,TE,15.8
Kyle Pitts,6,TE,10.0
Kyle Pitts,7,TE,13.5
Kyle Pitts,8,TE,25.1
Darnell Mooney,1,WR,2.5
Darnell Mooney,2,WR,17.8
Darnell Mooney,3,WR,14.6
Darnell Mooney,4,WR,8.6
Darnell Mooney,5,WR,34.5
Darnell Mooney,6,WR,6.8
Darnell Mooney,7,WR,9.6
Darnell Mooney,8,WR,18.6
Nico Collins,1,WR,20.7
Nico Collins,2,WR,30.5
Nico Collins,3,WR,12.6
Nico Collins,4,WR,36.1
Nico Collins,5,WR,15.8
Kenneth Walker III,1,RB,21.9
Kenneth Walker III,4,RB,33.6
Kenneth Walker III,5,RB,14.6
Kenneth Walker III,6,RB,20.9
Kenneth Walker III,7,RB,23.3
Kenneth Walker III,8,RB,8.5
Jordan Mason,1,RB,25.2
Jordan Mason,2,RB,20.4
Jordan Mason,3,RB,10.8
Jordan Mason,4,RB,27.0
Jordan Mason,5,RB,9.8
Jordan Mason,6,RB,9.2
Jordan Mason,7,RB,8.9
Jordan Mason,8,RB,1.8
Chuba Hubbard,1,RB,1.4
Chuba Hubbard,2,RB,11.6
Chuba Hubbard,3,RB,30.9
Chuba Hubbard,4,RB,25.1
Chuba Hubbard,5,RB,18.5
Chuba Hubbard,6,RB,15.3
Chuba Hubbard,7,RB,11.2
Chuba Hubbard,8,RB,9.1
D'Andre Swift,1,RB,5.0
D'Andre Swift,2,RB,8.2
D'Andre Swift,3,RB,6.2
D'Andre Swift,4,RB,29.5
D'Andre Swift,5,RB,20.0
D'Andre Swift,6,RB,21.9
D'Andre Swift,7,RB,21.9
Allen Lazard,1,WR,26.9
Allen Lazard,2,WR,3.1
Allen Lazard,3,WR,13.8
Allen Lazard,4,WR,10.8
Allen Lazard,5,WR,13.4
Allen Lazard,6,WR,26.4
Allen Lazard,7,WR,9.8
Marvin Harrison Jr.,1,WR,1.4
Marvin Harrison Jr.,2,WR,32.0
Marvin Harrison Jr.,3,WR,17.4
Marvin Harrison Jr.,4,WR,15.5
Marvin Harrison Jr.,5,WR,5.6
Marvin Harrison Jr.,7,WR,5.1
Marvin Harrison Jr.,8,WR,26.1
D.K. Metcalf,1,WR,5.9
D.K. Metcalf,2,WR,31.9
D.K. Metcalf,3,WR,23.4
D.K. Metcalf,4,WR,19.4
D.K. Metcalf,5,WR,8.5
D.K. Metcalf,6,WR,7.8
D.K. Metcalf,7,WR,19.9
Brian Robinson Jr.,1,RB,17.9
Brian Robinson Jr.,2,RB,17.6
Brian Robinson Jr.,3,RB,10.7
Brian Robinson Jr.,4,RB,23.3
Brian Robinson Jr.,5,RB,13.8
Brian Robinson Jr.,7,RB,13.1
Brian Robinson Jr.,8,RB,8.6
Aaron Jones,1,RB,18.9
Aaron Jones,2,RB,10.8
Aaron Jones,3,RB,28.8
Aaron Jones,4,RB,17.9
Aaron Jones,5,RB,6.3
Aaron Jones,6,RB,20.6
Aaron Jones,7,RB,11.5
Mike Evans,1,WR,23.1
Mike Evans,2,WR,7.2
Mike Evans,3,WR,3.7
Mike Evans,4,WR,23.4
Mike Evans,5,WR,23.2
Mike Evans,6,WR,5.4
Mike Evans,7,WR,9.5
Malik Nabers,1,WR,11.6
Malik Nabers,2,WR,31.7
Malik Nabers,3,WR,28.2
Malik Nabers,4,WR,26.1
Malik Nabers,7,WR,8.1
Malik Nabers,8,WR,14.1
Najee Harris,1,RB,8.9
Najee Harris,2,RB,8.4
Najee Harris,3,RB,13.6
Najee Harris,4,RB,10.3
Najee Harris,5,RB,9.7
Najee Harris,6,RB,23.2
Najee Harris,7,RB,19.2
Najee Harris,8,RB,19.1
J.K. Dobbins,1,RB,25.9
J.K. Dobbins,2,RB,23.1
J.K. Dobbins,3,RB,8.4
J.K. Dobbins,4,RB,9.2
J.K. Dobbins,5,RB,18.2
J.K. Dobbins,6,RB,9.6
J.K. Dobbins,7,RB,16.8
Bo Nix,1,QB,13.0
Bo Nix,2,QB,10.3
Bo Nix,3,QB,19.3
Bo Nix,4,QB,6.7
Bo Nix,5,QB,23.1
Bo Nix,6,QB,21.7
Bo Nix,7,QB,14.1
Bo Nix,8,QB,29.8
Trey McBride,1,TE,8.0
Trey McBride,2,TE,18.7
Trey McBride,3,TE,5.5
Trey McBride,5,TE,11.3
Trey McBride,6,TE,17.6
Trey McBride,7,TE,10.1
Trey McBride,8,TE,24.4
Mark Andrews,1,TE,3.4
Mark Andrews,2,TE,9.1
Mark Andrews,5,TE,9.5
Mark Andrews,6,TE,15.6
Mark Andrews,7,TE,20.1
Mark Andrews,8,TE,14.6
Cade Otton,1,TE,1.5
Cade Otton,2,TE,-0.4
Cade Otton,3,TE,10.7
Cade Otton,4,TE,11.2
Cade Otton,5,TE,7.4
Cade Otton,6,TE,9.5
Cade Otton,7,TE,21.0
Cade Otton,8,TE,29.1
Cole Kmet,1,TE,1.4
Cole Kmet,2,TE,6.7
Cole Kmet,3,TE,25.7
Cole Kmet,4,TE,6.4
Cole Kmet,5,TE,8.7
Cole Kmet,6,TE,24.0
Cole Kmet,7,TE,4.4
Jonathan Taylor,1,RB,10.8
Jonathan Taylor,2,RB,18.5
Jonathan Taylor,3,RB,29.5
Jonathan Taylor,4,RB,19.8
Jonathan Taylor,8,RB,21.7
Zay Flowers,1,WR,11.1
Zay Flowers,2,WR,22.1
Zay Flowers,3,WR,5.3
Zay Flowers,4,WR,2.0
Zay Flowers,5,WR,22.0
Zay Flowers,6,WR,25.4
Zay Flowers,7,WR,4.0
Zay Flowers,8,WR,21.5
Geno Smith,1,QB,18.8
Geno Smith,2,QB,20.9
Geno Smith,3,QB,13.4
Geno Smith,4,QB,25.6
Geno Smith,5,QB,22.6
Geno Smith,6,QB,17.5
Geno Smith,7,QB,17.8
Geno Smith,8,QB,9.1
Ladd McConkey,1,WR,14.9
Ladd McConkey,2,WR,4.6
Ladd McConkey,3,WR,7.4
Ladd McConkey,4,WR,17.7
Ladd McConkey,5,WR,8.3
Ladd McConkey,6,WR,9.6
Ladd McConkey,7,WR,32.1
Rashod Bateman,1,WR,7.3
Rashod Bateman,2,WR,7.0
Rashod Bateman,3,WR,11.8
Rashod Bateman,4,WR,3.3
Rashod Bateman,5,WR,15.8
Rashod Bateman,6,WR,11.1
Rashod Bateman,7,WR,25.1
Rashod Bateman,8,WR,3.8
Isaiah Likely,1,TE,29.1
Isaiah Likely,2,TE,4.6
Isaiah Likely,3,TE,1.4
Isaiah Likely,4,TE,3.6
Isaiah Likely,5,TE,16.3
Isaiah Likely,6,TE,4.7
Isaiah Likely,7,TE,3.7
Isaiah Likely,8,TE,8.7
Rashid Shaheed,1,WR,16.3
Rashid Shaheed,2,WR,20.9
Rashid Shaheed,4,WR,16.7
Rashid Shaheed,5,WR,18.6
Rashid Shaheed,6,WR,8.3
Deebo Samuel,1,WR,18.7
Deebo Samuel,2,WR,21.0
Deebo Samuel,4,WR,10.2
Deebo Samuel,5,WR,3.0
Deebo Samuel,6,WR,23.7
Deebo Samuel,8,WR,12.6
Tony Pollard,1,RB,18.4
Tony Pollard,2,RB,15.2
Tony Pollard,3,RB,5.9
Tony Pollard,4,RB,18.8
Tony Pollard,5,RB,17.8
Tony Pollard,6,RB,8.5
Tony Pollard,7,RB,14.7
De'Von Achane,1,RB,23.0
De'Von Achane,2,RB,29.5
De'Von Achane,3,RB,8.8
De'Von Achane,4,RB,5.9
De'Von Achane,5,RB,2.7
De'Von Achane,6,RB,10.5
De'Von Achane,7,RB,26.7
A.J. Brown,1,WR,25.9
A.J. Brown,5,WR,26.6
A.J. Brown,6,WR,19.9
A.J. Brown,7,WR,13.4
Xavier Worthy,1,WR,20.8
Xavier Worthy,2,WR,4.2
Xavier Worthy,3,WR,5.0
Xavier Worthy,4,WR,16.3
Xavier Worthy,5,WR,11.8
Xavier Worthy,6,WR,5.4
Xavier Worthy,7,WR,13.7
Jauan Jennings,1,WR,11.4
Jauan Jennings,2,WR,5.7
Jauan Jennings,3,WR,49.5
Jauan Jennings,4,WR,11.8
Jauan Jennings,5,WR,2.3
Jauan Jennings,6,WR,5.7
Zach Ertz,1,TE,5.8
Zach Ertz,2,TE,10.2
Zach Ertz,3,TE,8.8
Zach Ertz,4,TE,7.2
Zach Ertz,5,TE,3.0
Zach Ertz,6,TE,10.8
Zach Ertz,7,TE,14.0
Zach Ertz,8,TE,14.7
Kirk Cousins,1,QB,8.2
Kirk Cousins,2,QB,17.5
Kirk Cousins,3,QB,12.1
Kirk Cousins,4,QB,8.5
Kirk Cousins,5,QB,38.4
Kirk Cousins,6,QB,12.5
Kirk Cousins,7,QB,10.2
Kirk Cousins,8,QB,28.6
Trevor Lawrence,1,QB,11.3
Trevor Lawrence,2,QB,13.3
Trevor Lawrence,3,QB,10.4
Trevor Lawrence,4,QB,14.8
Trevor Lawrence,5,QB,25.2
Trevor Lawrence,6,QB,18.1
Trevor Lawrence,7,QB,15.0
Trevor Lawrence,8,QB,28.3
Jared Goff,1,QB,12.4
Jared Goff,2,QB,13.8
Jared Goff,3,QB,15.6
Jared Goff,4,QB,27.2
Jared Goff,5,QB,28.1
Jared Goff,6,QB,18.8
Jared Goff,7,QB,15.5
C.J. Stroud,1,QB,18.7
C.J. Stroud,2,QB,14.3
C.J. Stroud,3,QB,11.8
C.J. Stroud,4,QB,26.5
C.J. Stroud,5,QB,20.9
C.J. Stroud,6,QB,19.4
C.J. Stroud,7,QB,5.3
C.J. Stroud,8,QB,13.4
Sam Darnold,1,QB,15.6
Sam Darnold,2,QB,20.9
Sam Darnold,3,QB,23.2
Sam Darnold,4,QB,22.5
Sam Darnold,5,QB,6.3
Sam Darnold,6,QB,17.3
Sam Darnold,7,QB,18.2
Aaron Rodgers,1,QB,9.6
Aaron Rodgers,2,QB,15.1
Aaron Rodgers,3,QB,21.0
Aaron Rodgers,4,QB,11.6
Aaron Rodgers,5,QB,14.8
Aaron Rodgers,6,QB,18.8
Aaron Rodgers,7,QB,15.0
Aaron Rodgers,8,QB,17.3
Justin Fields,1,QB,11.9
Justin Fields,2,QB,11.4
Justin Fields,3,QB,19.4
Justin Fields,4,QB,36.0
Justin Fields,5,QB,15.9
Justin Fields,6,QB,23.7
Jordan Love,1,QB,17.4
Jordan Love,4,QB,34.2
Jordan Love,5,QB,17.0
Jordan Love,6,QB,26.6
Jordan Love,7,QB,18.8
Jordan Love,8,QB,6.7
Caleb Williams,1,QB,7.2
Caleb Williams,2,QB,9.4
Caleb Williams,3,QB,23.3
Caleb Williams,4,QB,11.5
Caleb Williams,5,QB,26.6
Caleb Williams,6,QB,29.6
Caleb Williams,7,QB,10.3
Dak Prescott,1,QB,11.5
Dak Prescott,2,QB,14.9
Dak Prescott,3,QB,32.9
Dak Prescott,4,QB,16.7
Dak Prescott,5,QB,22.4
Dak Prescott,6,QB,5.2
Dak Prescott,7,QB,15.6
Patrick Mahomes,1,QB,16.1
Patrick Mahomes,2,QB,14.9
Patrick Mahomes,3,QB,17.4
Patrick Mahomes,4,QB,14.0
Patrick Mahomes,5,QB,17.4
Patrick Mahomes,6,QB,14.1
Patrick Mahomes,7,QB,19.2
Daniel Jones,1,QB,6.9
Daniel Jones,2,QB,18.3
Daniel Jones,3,QB,19.4
Daniel Jones,4,QB,10.5
Daniel Jones,5,QB,22.1
Daniel Jones,6,QB,12.8
Daniel Jones,7,QB,6.0
Daniel Jones,8,QB,8.7
Justin Herbert,1,QB,10.4
Justin Herbert,2,QB,13.0
Justin Herbert,3,QB,9.0
Justin Herbert,4,QB,11.2
Justin Herbert,5,QB,13.7
Justin Herbert,6,QB,17.8
Justin Herbert,7,QB,24.1
Matthew Stafford,1,QB,18.7
Matthew Stafford,2,QB,7.6
Matthew Stafford,3,QB,12.8
Matthew Stafford,4,QB,6.9
Matthew Stafford,5,QB,13.4
Matthew Stafford,6,QB,5.0
Matthew Stafford,7,QB,25.8
Tank Bigsby,1,RB,7.3
Tank Bigsby,3,RB,0.9
Tank Bigsby,4,RB,9.0
Tank Bigsby,5,RB,28.9
Tank Bigsby,6,RB,2.4
Tank Bigsby,7,RB,26.8
Tank Bigsby,8,RB,10.6
Deshaun Watson,1,QB,12.7
Deshaun Watson,2,QB,15.4
Deshaun Watson,3,QB,18.4
Deshaun Watson,4,QB,13.2
Deshaun Watson,5,QB,9.4
Deshaun Watson,6,QB,8.4
Deshaun Watson,7,QB,5.1
Rhamondre Stevenson,1,RB,24.6
Rhamondre Stevenson,2,RB,17.0
Rhamondre Stevenson,3,RB,1.3
Rhamondre Stevenson,4,RB,9.2
Rhamondre Stevenson,5,RB,19.2
Rhamondre Stevenson,7,RB,4.5
Rhamondre Stevenson,8,RB,23.5
Chase Brown,1,RB,5.3
Chase Brown,2,RB,3.1
Chase Brown,3,RB,8.9
Chase Brown,4,RB,23.2
Chase Brown,5,RB,16.4
Chase Brown,6,RB,14.4
Chase Brown,7,RB,7.3
Chase Brown,8,RB,11.4
Derek Carr,1,QB,21.3
Derek Carr,2,QB,22.8
Derek Carr,3,QB,9.0
Derek Carr,4,QB,9.1
Derek Carr,5,QB,13.6
Bucky Irving,1,RB,9.6
Bucky Irving,2,RB,2.2
Bucky Irving,3,RB,11.4
Bucky Irving,4,RB,12.5
Bucky Irving,5,RB,6.6
Bucky Irving,6,RB,18.5
Bucky Irving,7,RB,16.7
Bucky Irving,8,RB,15.4
Alexander Mattison,1,RB,16.2
Alexander Mattison,2,RB,6.1
Alexander Mattison,3,RB,13.4
Alexander Mattison,4,RB,6.0
Alexander Mattison,5,RB,10.1
Alexander Mattison,6,RB,17.5
Alexander Mattison,7,RB,15.3
Alexander Mattison,8,RB,9.4
Zach Charbonnet,1,RB,12.1
Zach Charbonnet,2,RB,17.9
Zach Charbonnet,3,RB,25.7
Zach Charbonnet,4,RB,10.4
Zach Charbonnet,5,RB,6.0
Zach Charbonnet,6,RB,4.5
Zach Charbonnet,7,RB,1.9
Zach Charbonnet,8,RB,11.4
Anthony Richardson,1,QB,27.1
Anthony Richardson,2,QB,12.9
Anthony Richardson,3,QB,7.1
Anthony Richardson,4,QB,5.2
Anthony Richardson,7,QB,9.8
Anthony Richardson,8,QB,13.5
Rachaad White,1,RB,16.6
Rachaad White,2,RB,3.3
Rachaad White,3,RB,8.5
Rachaad White,4,RB,10.4
Rachaad White,5,RB,9.6
Rachaad White,7,RB,29.1
Rachaad White,8,RB,16.7
Gardner Minshew II,1,QB,12.8
Gardner Minshew II,2,QB,13.9
Gardner Minshew II,3,QB,15.0
Gardner Minshew II,4,QB,5.0
Gardner Minshew II,5,QB,9.7
Gardner Minshew II,7,QB,2.4
Gardner Minshew II,8,QB,16.0
Tyrone Tracy,1,RB,1.7
Tyrone Tracy,2,RB,0.2
Tyrone Tracy,3,RB,6.0
Tyrone Tracy,4,RB,3.1
Tyrone Tracy,5,RB,17.0
Tyrone Tracy,6,RB,22.7
Tyrone Tracy,7,RB,6.2
Tyrone Tracy,8,RB,26.0
Javonte Williams,1,RB,3.3
Javonte Williams,2,RB,11.5
Javonte Williams,3,RB,7.1
Javonte Williams,4,RB,10.0
Javonte Williams,5,RB,16.1
Javonte Williams,6,RB,5.6
Javonte Williams,7,RB,26.1
Javonte Williams,8,RB,9.2
Andy Dalton,3,QB,27.6
Andy Dalton,4,QB,16.7
Andy Dalton,5,QB,4.7
Andy Dalton,6,QB,16.9
Andy Dalton,7,QB,2.0
Kareem Hunt,4,RB,10.5
Kareem Hunt,5,RB,21.7
Kareem Hunt,6,RB,22.3
Kareem Hunt,7,RB,13.3
Zack Moss,1,RB,14.1
Zack Moss,2,RB,5.7
Zack Moss,3,RB,20.7
Zack Moss,4,RB,17.8
Zack Moss,5,RB,8.2
Zack Moss,6,RB,1.5
Zack Moss,7,RB,7.0
Zack Moss,8,RB,7.9
Keon Coleman,1,WR,9.1
Keon Coleman,3,WR,9.4
Keon Coleman,4,WR,8.1
Keon Coleman,5,WR,11.9
Keon Coleman,6,WR,5.6
Keon Coleman,7,WR,19.5
Keon Coleman,8,WR,18.0
George Pickens,1,WR,13.5
George Pickens,2,WR,4.9
George Pickens,3,WR,10.7
George Pickens,4,WR,20.3
George Pickens,5,WR,5.6
George Pickens,6,WR,8.3
George Pickens,7,WR,25.1
George Pickens,8,WR,11.4
Alec Pierce,1,WR,24.5
Alec Pierce,2,WR,16.6
Alec Pierce,3,WR,5.4
Alec Pierce,4,WR,1.9
Alec Pierce,5,WR,25.4
Alec Pierce,7,WR,3.5
Alec Pierce,8,WR,2.1
DeVonta Smith,1,WR,15.4
DeVonta Smith,2,WR,20.6
DeVonta Smith,3,WR,14.9
DeVonta Smith,5,WR,15.4
DeVonta Smith,6,WR,0.8
DeVonta Smith,7,WR,20.5
Jameson Williams,1,WR,27.4
Jameson Williams,2,WR,14.4
Jameson Williams,3,WR,1.2
Jameson Williams,4,WR,16.0
Jameson Williams,5,WR,17.7
Jameson Williams,6,WR,0.6
Joe Flacco,4,QB,15.0
Joe Flacco,5,QB,30.6
Joe Flacco,6,QB,14.7
Khalil Shakir,1,WR,13.2
Khalil Shakir,2,WR,10.6
Khalil Shakir,3,WR,19.2
Khalil Shakir,4,WR,10.2
Khalil Shakir,6,WR,3.9
Khalil Shakir,7,WR,13.5
Khalil Shakir,8,WR,22.9
Josh Downs,3,WR,5.2
Josh Downs,4,WR,22.2
Josh Downs,5,WR,15.9
Josh Downs,6,WR,19.5
Josh Downs,7,WR,1.3
Josh Downs,8,WR,25.2
Diontae Johnson,1,WR,3.9
Diontae Johnson,2,WR,4.5
Diontae Johnson,3,WR,29.2
Diontae Johnson,4,WR,21.3
Diontae Johnson,5,WR,5.9
Diontae Johnson,6,WR,19.8
Diontae Johnson,7,WR,2.7
Drake Maye,3,QB,2.1
Drake Maye,6,QB,22.5
Drake Maye,7,QB,20.8
Drake Maye,8,QB,11.5
D.J. Moore,1,WR,10.0
D.J. Moore,2,WR,11.3
D.J. Moore,3,WR,15.2
D.J. Moore,4,WR,11.2
D.J. Moore,5,WR,30.5
D.J. Moore,6,WR,6.0
D.J. Moore,7,WR,5.4
Tee Higgins,3,WR,6.9
Tee Higgins,4,WR,12.0
Tee Higgins,5,WR,29.3
Tee Higgins,6,WR,14.7
Tee Higgins,7,WR,18.2
Austin Ekeler,1,RB,10.2
Austin Ekeler,2,RB,11.5
Austin Ekeler,3,RB,13.7
Austin Ekeler,5,RB,11.7
Austin Ekeler,6,RB,10.8
Austin Ekeler,7,RB,4.0
Austin Ekeler,8,RB,7.8
Romeo Doubs,1,WR,9.0
Romeo Doubs,2,WR,9.2
Romeo Doubs,3,WR,2.8
Romeo Doubs,4,WR,7.9
Romeo Doubs,6,WR,19.9
Romeo Doubs,7,WR,17.4
Romeo Doubs,8,WR,10.2
Rico Dowdle,1,RB,4.2
Rico Dowdle,2,RB,9.9
Rico Dowdle,3,RB,8.6
Rico Dowdle,4,RB,13.1
Rico Dowdle,5,RB,19.4
Rico Dowdle,6,RB,10.5
Tyler Allgeier,1,RB,2.1
Tyler Allgeier,2,RB,7.5
Tyler Allgeier,3,RB,3.2
Tyler Allgeier,4,RB,10.0
Tyler Allgeier,5,RB,5.5
Tyler Allgeier,6,RB,22.8
Tyler Allgeier,7,RB,5.5
Tyler Allgeier,8,RB,3.3
Courtland Sutton,1,WR,7.8
Courtland Sutton,2,WR,3.6
Courtland Sutton,3,WR,13.8
Courtland Sutton,4,WR,15.0
Courtland Sutton,5,WR,5.2
Courtland Sutton,6,WR,15.3
Courtland Sutton,8,WR,21.1
Darius Slayton,1,WR,5.6
Darius Slayton,2,WR,6.3
Darius Slayton,3,WR,1.7
Darius Slayton,4,WR,8.6
Darius Slayton,5,WR,29.2
Darius Slayton,6,WR,11.7
Darius Slayton,7,WR,2.1
Darius Slayton,8,WR,17.8
Jakobi Meyers,1,WR,9.4
Jakobi Meyers,2,WR,6.9
Jakobi Meyers,3,WR,21.2
Jakobi Meyers,4,WR,9.9
Jakobi Meyers,5,WR,13.2
Jakobi Meyers,8,WR,17.2
Michael Pittman Jr.,1,WR,7.1
Michael Pittman Jr.,2,WR,5.1
Michael Pittman Jr.,3,WR,7.6
Michael Pittman Jr.,4,WR,20.3
Michael Pittman Jr.,5,WR,14.7
Michael Pittman Jr.,6,WR,12.5
Michael Pittman Jr.,7,WR,9.3
Michael Pittman Jr.,8,WR,2.6
Wan'Dale Robinson,1,WR,11.8
Wan'Dale Robinson,2,WR,9.8
Wan'Dale Robinson,3,WR,13.1
Wan'Dale Robinson,4,WR,18.1
Wan'Dale Robinson,5,WR,16.0
Wan'Dale Robinson,6,WR,10.0
Wan'Dale Robinson,7,WR,8.3
Wan'Dale Robinson,8,WR,8.0
Malik Willis,2,QB,13.0
Malik Willis,3,QB,25.4
Malik Willis,8,QB,8.5
Tyreek Hill,1,WR,29.0
Tyreek Hill,2,WR,6.6
Tyreek Hill,3,WR,7.0
Tyreek Hill,4,WR,8.2
Tyreek Hill,5,WR,12.9
Tyreek Hill,6,WR,2.3
Tyreek Hill,7,WR,13.2
Calvin Ridley,1,WR,8.0
Calvin Ridley,2,WR,24.7
Calvin Ridley,3,WR,1.9
Calvin Ridley,4,WR,2.5
Calvin Ridley,5,WR,0.9
Calvin Ridley,6,WR,7.2
Calvin Ridley,7,WR,26.6
Jaxon Smith-Njigba,1,WR,3.9
Jaxon Smith-Njigba,2,WR,26.7
Jaxon Smith-Njigba,3,WR,6.9
Jaxon Smith-Njigba,4,WR,13.1
Jaxon Smith-Njigba,5,WR,13.1
Jaxon Smith-Njigba,6,WR,10.3
Jaxon Smith-Njigba,7,WR,5.3
Jaxon Smith-Njigba,8,WR,12.9
Jacoby Brissett,1,QB,8.0
Jacoby Brissett,2,QB,10.6
Jacoby Brissett,3,QB,3.9
Jacoby Brissett,4,QB,9.0
Jacoby Brissett,5,QB,7.4
Jacoby Brissett,8,QB,8.4
Justice Hill,1,RB,11.5
Justice Hill,2,RB,5.2
Justice Hill,3,RB,7.4
Justice Hill,4,RB,21.6
Justice Hill,5,RB,3.5
Justice Hill,6,RB,1.4
Justice Hill,7,RB,13.8
Justice Hill,8,RB,2.9
Tyler Lockett,1,WR,13.7
Tyler Lockett,2,WR,3.5
Tyler Lockett,3,WR,9.6
Tyler Lockett,4,WR,11.1
Tyler Lockett,5,WR,11.5
Tyler Lockett,6,WR,16.5
Tyler Lockett,7,WR,8.5
Tyler Lockett,8,WR,1.9
Jalen Tolbert,1,WR,2.2
Jalen Tolbert,2,WR,14.2
Jalen Tolbert,3,WR,13.2
Jalen Tolbert,4,WR,5.4
Jalen Tolbert,5,WR,21.7
Jalen Tolbert,6,WR,8.3
Jalen Tolbert,7,WR,7.4
Braelon Allen,1,RB,2.7
Braelon Allen,2,RB,19.6
Braelon Allen,3,RB,9.8
Braelon Allen,4,RB,5.6
Braelon Allen,5,RB,3.8
Braelon Allen,6,RB,0.8
Braelon Allen,7,RB,1.6
Braelon Allen,8,RB,9.2
Calvin Austin,1,WR,1.7
Calvin Austin,2,WR,1.6
Calvin Austin,3,WR,19.5
Calvin Austin,4,WR,2.7
Calvin Austin,5,WR,1.6
Calvin Austin,6,WR,5.6
Calvin Austin,7,WR,4.6
Calvin Austin,8,WR,20.4
Ray Davis,1,RB,3.7
Ray Davis,2,RB,3.8
Ray Davis,3,RB,9.3
Ray Davis,4,RB,1.1
Ray Davis,5,RB,1.4
Ray Davis,6,RB,18.2
Ray Davis,7,RB,11.7
Ray Davis,8,RB,2.9
Christian Kirk,1,WR,4.0
Christian Kirk,2,WR,0.9
Christian Kirk,3,WR,15.9
Christian Kirk,4,WR,19.1
Christian Kirk,5,WR,12.8
Christian Kirk,6,WR,6.9
Christian Kirk,7,WR,3.4
Christian Kirk,8,WR,7.9
Michael Wilson,1,WR,7.5
Michael Wilson,2,WR,5.1
Michael Wilson,3,WR,14.4
Michael Wilson,4,WR,5.8
Michael Wilson,5,WR,12.8
Michael Wilson,6,WR,10.1
Michael Wilson,7,WR,2.5
Michael Wilson,8,WR,14.1
Jerry Jeudy,1,WR,11.5
Jerry Jeudy,2,WR,12.3
Jerry Jeudy,3,WR,8.7
Jerry Jeudy,4,WR,13.2
Jerry Jeudy,5,WR,2.6
Jerry Jeudy,6,WR,4.5
Jerry Jeudy,7,WR,2.8
Jerry Jeudy,8,WR,12.9
Chris Olave,1,WR,3.1
Chris Olave,2,WR,12.8
Chris Olave,3,WR,20.6
Chris Olave,4,WR,16.7
Chris Olave,5,WR,3.0
Chris Olave,6,WR,0.5
Chris Olave,8,WR,21.7
Dontayvion Wicks,2,WR,11.6
Dontayvion Wicks,4,WR,24.8
Dontayvion Wicks,5,WR,4.0
Dontayvion Wicks,6,WR,1.9
Dontayvion Wicks,7,WR,13.8
Dontayvion Wicks,8,WR,3.1
Travis Etienne,1,RB,12.9
Travis Etienne,2,RB,14.8
Travis Etienne,3,RB,12.5
Travis Etienne,4,RB,7.0
Travis Etienne,5,RB,12.0
Travis Etienne,6,RB,-0.1
Hunter Henry,1,TE,3.8
Hunter Henry,2,TE,21.9
Hunter Henry,3,TE,2.9
Hunter Henry,4,TE,3.2
Hunter Henry,5,TE,5.2
Hunter Henry,6,TE,13.1
Hunter Henry,7,TE,17.2
Hunter Henry,8,TE,9.5
Dalton Kincaid,1,TE,2.1
Dalton Kincaid,2,TE,7.3
Dalton Kincaid,3,TE,13.1
Dalton Kincaid,4,TE,9.7
Dalton Kincaid,5,TE,5.4
Dalton Kincaid,6,TE,11.1
Dalton Kincaid,7,TE,8.2
Dalton Kincaid,8,TE,13.1
Devin Singletary,1,RB,9.2
Devin Singletary,2,RB,15.5
Devin Singletary,3,RB,19.8
Devin Singletary,4,RB,4.8
Devin Singletary,7,RB,3.1
Devin Singletary,8,RB,4.3
Jerome Ford,1,RB,18.9
Jerome Ford,2,RB,7.4
Jerome Ford,3,RB,10.0
Jerome Ford,4,RB,15.5
Jerome Ford,5,RB,7.9
Jerome Ford,6,RB,1.4
Xavier Legette,1,WR,7.5
Xavier Legette,3,WR,6.2
Xavier Legette,4,WR,19.6
Xavier Legette,5,WR,1.8
Xavier Legette,6,WR,11.3
Xavier Legette,7,WR,2.9
Xavier Legette,8,WR,13.4
Rashee Rice,1,WR,20.3
Rashee Rice,2,WR,18.5
Rashee Rice,3,WR,32.1
Demarcus Robinson,1,WR,8.2
Demarcus Robinson,2,WR,7.0
Demarcus Robinson,3,WR,4.2
Demarcus Robinson,4,WR,5.7
Demarcus Robinson,5,WR,11.8
Demarcus Robinson,6,WR,1.9
Demarcus Robinson,7,WR,17.5
Travis Kelce,1,TE,6.4
Travis Kelce,2,TE,1.6
Travis Kelce,3,TE,7.0
Travis Kelce,4,TE,15.9
Travis Kelce,5,TE,16.0
Travis Kelce,6,TE,5.7
Travis Kelce,7,TE,25.0
Jaleel McLaughlin,1,RB,6.8
Jaleel McLaughlin,2,RB,0.6
Jaleel McLaughlin,3,RB,8.4
Jaleel McLaughlin,4,RB,5.6
Jaleel McLaughlin,5,RB,11.5
Jaleel McLaughlin,6,RB,4.5
Jaleel McLaughlin,7,RB,3.5
Jaleel McLaughlin,8,RB,12.6
Tre Tucker,1,WR,4.2
Tre Tucker,2,WR,3.3
Tre Tucker,3,WR,22.6
Tre Tucker,4,WR,15.4
Tre Tucker,5,WR,4.6
Tre Tucker,7,WR,7.7
Tre Tucker,8,WR,5.3
Roschon Johnson,3,RB,10.2
Roschon Johnson,4,RB,8.6
Roschon Johnson,5,RB,14.5
Roschon Johnson,6,RB,5.3
Roschon Johnson,7,RB,6.6
Sam LaPorta,1,TE,8.5
Sam LaPorta,2,TE,3.3
Sam LaPorta,3,TE,5.6
Sam LaPorta,4,TE,9.3
Sam LaPorta,5,TE,12.2
Sam LaPorta,6,TE,3.5
Sam LaPorta,7,TE,16.8
Will Levis,1,QB,9.7
Will Levis,2,QB,13.5
Will Levis,3,QB,16.6
Will Levis,4,QB,0.5
Will Levis,5,QB,8.3
Jalen Nailor,1,WR,9.1
Jalen Nailor,2,WR,14.4
Jalen Nailor,3,WR,12.4
Jalen Nailor,4,WR,3.1
Jalen Nailor,6,WR,11.6
Jalen Nailor,7,WR,3.6
Tua Tagovailoa,1,QB,21.6
Tua Tagovailoa,2,QB,8.5
Tua Tagovailoa,7,QB,14.7
Sean Tucker,3,RB,0.4
Sean Tucker,4,RB,2.7
Sean Tucker,6,RB,37.2
Sean Tucker,7,RB,4.8
Sean Tucker,8,RB,2.5
Russell Wilson,7,QB,24.9
Russell Wilson,8,QB,14.8
Tank Dell,1,WR,8.9
Tank Dell,2,WR,2.3
Tank Dell,3,WR,11.2
Tank Dell,5,WR,7.3
Tank Dell,6,WR,18.7
Tank Dell,8,WR,13.5
Brandon Aiyuk,1,WR,4.8
Brandon Aiyuk,2,WR,8.3
Brandon Aiyuk,3,WR,9.8
Brandon Aiyuk,4,WR,6.8
Brandon Aiyuk,5,WR,25.7
Brandon Aiyuk,6,WR,5.7
Brandon Aiyuk,7,WR,4.3
Andrei Iosivas,1,WR,5.6
Andrei Iosivas,2,WR,14.7
Andrei Iosivas,3,WR,16.2
Andrei Iosivas,4,WR,3.9
Andrei Iosivas,5,WR,4.9
Andrei Iosivas,6,WR,5.6
Jordan Addison,1,WR,6.5
Jordan Addison,4,WR,22.9
Jordan Addison,5,WR,6.6
Jordan Addison,6,WR,9.6
Jordan Addison,7,WR,4.2
Tutu Atwell,2,WR,7.8
Tutu Atwell,3,WR,13.3
Tutu Atwell,4,WR,12.2
Tutu Atwell,5,WR,12.5
Tutu Atwell,6,WR,11.1
Tutu Atwell,7,WR,2.8
Tyler Conklin,1,TE,1.6
Tyler Conklin,2,TE,2.0
Tyler Conklin,3,TE,14.3
Tyler Conklin,4,TE,5.7
Tyler Conklin,5,TE,11.5
Tyler Conklin,6,TE,3.0
Tyler Conklin,7,TE,10.7
Tyler Conklin,8,TE,13.2
Pat Freiermuth,1,TE,6.7
Pat Freiermuth,2,TE,7.9
Pat Freiermuth,3,TE,7.3
Pat Freiermuth,4,TE,16.7
Pat Freiermuth,5,TE,10.2
Pat Freiermuth,6,TE,3.6
Pat Freiermuth,7,TE,7.1
Pat Freiermuth,8,TE,3.9
Antonio Gibson,1,RB,1.8
Antonio Gibson,2,RB,11.3
Antonio Gibson,3,RB,6.7
Antonio Gibson,4,RB,10.9
Antonio Gibson,5,RB,6.6
Antonio Gibson,6,RB,7.3
Antonio Gibson,7,RB,2.3
Antonio Gibson,8,RB,0.6
Rome Odunze,1,WR,2.1
Rome Odunze,2,WR,5.3
Rome Odunze,3,WR,26.4
Rome Odunze,4,WR,2.0
Rome Odunze,5,WR,9.0
Rome Odunze,6,WR,6.0
Rome Odunze,7,WR,8.4
Quentin Johnston,1,WR,6.8
Quentin Johnston,2,WR,22.1
Quentin Johnston,3,WR,12.4
Quentin Johnston,4,WR,2.3
Quentin Johnston,5,WR,5.2
Jeremy McNichols,3,RB,0.1
Jeremy McNichols,4,RB,20.4
Jeremy McNichols,5,RB,10.4
Jeremy McNichols,6,RB,0.9
Jeremy McNichols,7,RB,4.2
Jeremy McNichols,8,RB,-0.1
David Njoku,1,TE,8.4
David Njoku,5,TE,2.4
David Njoku,6,TE,8.1
David Njoku,7,TE,23.6
David Njoku,8,TE,17.1
Kalif Raymond,1,WR,1.2
Kalif Raymond,2,WR,5.7
Kalif Raymond,4,WR,1.9
Kalif Raymond,5,WR,11.3
Kalif Raymond,6,WR,12.9
Kalif Raymond,7,WR,15.4
Demario Douglas,1,WR,3.2
Demario Douglas,3,WR,14.8
Demario Douglas,4,WR,4.3
Demario Douglas,5,WR,11.9
Demario Douglas,6,WR,21.2
Demario Douglas,7,WR,3.4
Demario Douglas,8,WR,3.2
Cooper Kupp,1,WR,35.0
Cooper Kupp,2,WR,7.7
Cooper Kupp,7,WR,16.1
Mason Rudolph,4,QB,3.4
Mason Rudolph,6,QB,11.9
Mason Rudolph,7,QB,21.5
Emanuel Wilson,1,RB,6.8
Emanuel Wilson,2,RB,0.9
Emanuel Wilson,3,RB,16.5
Emanuel Wilson,4,RB,2.7
Emanuel Wilson,5,RB,2.5
Emanuel Wilson,6,RB,8.3
Emanuel Wilson,7,RB,1.1
Emanuel Wilson,8,RB,2.3
Jameis Winston,2,QB,0.4
Jameis Winston,3,QB,0.1
Jameis Winston,5,QB,0.3
Jameis Winston,7,QB,8.7
Jameis Winston,8,QB,27.6
Noah Brown,2,WR,8.6
Noah Brown,3,WR,5.9
Noah Brown,4,WR,5.6
Noah Brown,6,WR,9.8
Noah Brown,7,WR,2.6
Noah Brown,8,WR,16.3
Gabriel Davis,1,WR,9.2
Gabriel Davis,2,WR,7.3
Gabriel Davis,3,WR,3.8
Gabriel Davis,4,WR,0.8
Gabriel Davis,5,WR,5.8
Gabriel Davis,6,WR,21.5
Gabriel Davis,7,WR,2.3
Ty Johnson,1,RB,0.7
Ty Johnson,2,RB,4.2
Ty Johnson,3,RB,13.6
Ty Johnson,4,RB,6.3
Ty Johnson,5,RB,1.5
Ty Johnson,6,RB,3.4
Ty Johnson,7,RB,7.4
Jonnu Smith,1,TE,1.7
Jonnu Smith,2,TE,11.3
Jonnu Smith,3,TE,3.8
Jonnu Smith,5,TE,11.1
Jonnu Smith,6,TE,22.6
Jonnu Smith,7,TE,6.0
Cedric Tillman,1,WR,1.3
Cedric Tillman,2,WR,1.2
Cedric Tillman,3,WR,1.4
Cedric Tillman,6,WR,-0.5
Cedric Tillman,7,WR,18.1
Cedric Tillman,8,WR,28.9
Jaylen Waddle,1,WR,19.2
Jaylen Waddle,2,WR,8.5
Jaylen Waddle,3,WR,6.6
Jaylen Waddle,4,WR,7.6
Jaylen Waddle,5,WR,8.6
Jaylen Waddle,6,WR,2.1
Jaylen Waddle,7,WR,8.5
Ezekiel Elliott,1,RB,12.9
Ezekiel Elliott,2,RB,5.2
Ezekiel Elliott,3,RB,2.2
Ezekiel Elliott,4,RB,3.4
Ezekiel Elliott,5,RB,1.7
Ezekiel Elliott,6,RB,1.7
Ezekiel Elliott,7,RB,10.8
Trey Sermon,2,RB,1.7
Trey Sermon,3,RB,7.6
Trey Sermon,4,RB,0.8
Trey Sermon,5,RB,18.3
Trey Sermon,6,RB,2.9
Trey Sermon,7,RB,5.9
Trey Sermon,8,RB,2.4
Brenton Strange,2,TE,9.5
Brenton Strange,3,TE,9.2
Brenton Strange,4,TE,4.9
Brenton Strange,5,TE,12.4
Brenton Strange,6,TE,2.1
Brenton Strange,8,TE,10.9
Christian Watson,1,WR,10.3
Christian Watson,3,WR,8.7
Christian Watson,6,WR,15.8
Christian Watson,7,WR,1.5
Christian Watson,8,WR,7.9
Dallas Goedert,1,TE,7.1
Dallas Goedert,2,TE,6.8
Dallas Goedert,3,TE,30.0
Dallas Goedert,4,TE,13.2
Ray-Ray McCloud,1,WR,9.2
Ray-Ray McCloud,2,WR,7.5
Ray-Ray McCloud,3,WR,5.7
Ray-Ray McCloud,4,WR,11.2
Ray-Ray McCloud,5,WR,12.6
Ray-Ray McCloud,6,WR,5.3
Ray-Ray McCloud,7,WR,2.9
Ray-Ray McCloud,8,WR,5.6
Raheem Mostert,1,RB,3.9
Raheem Mostert,5,RB,11.8
Raheem Mostert,6,RB,4.0
Raheem Mostert,7,RB,16.0
Miles Sanders,1,RB,2.2
Miles Sanders,2,RB,5.5
Miles Sanders,3,RB,11.0
Miles Sanders,4,RB,7.6
Miles Sanders,5,RB,5.3
Miles Sanders,6,RB,2.3
Miles Sanders,7,RB,3.8
Miles Sanders,8,RB,11.5
Noah Fant,1,TE,3.1
Noah Fant,2,TE,2.4
Noah Fant,3,TE,12.0
Noah Fant,4,TE,4.6
Noah Fant,5,TE,5.4
Noah Fant,6,TE,12.3
Noah Fant,7,TE,10.5
Noah Fant,8,TE,5.2
Isaac Guerendo,3,RB,1.9
Isaac Guerendo,4,RB,-1.0
Isaac Guerendo,5,RB,2.2
Isaac Guerendo,6,RB,9.9
Isaac Guerendo,7,RB,1.7
Isaac Guerendo,8,RB,19.2
Keenan Allen,1,WR,6.9
Keenan Allen,4,WR,4.9
Keenan Allen,5,WR,6.3
Keenan Allen,6,WR,21.1
Keenan Allen,7,WR,5.9
Tyler Huntley,4,QB,12.8
Tyler Huntley,5,QB,7.5
Tyler Huntley,6,QB,9.5
Bryce Young,1,QB,11.6
Bryce Young,2,QB,3.0
Bryce Young,5,QB,3.1
Bryce Young,7,QB,-0.2
Bryce Young,8,QB,15.6
Foster Moreau,1,TE,14.3
Foster Moreau,3,TE,1.2
Foster Moreau,5,TE,9.3
Foster Moreau,6,TE,7.4
Foster Moreau,7,TE,5.8
Dare Ogunbowale,1,RB,1.3
Dare Ogunbowale,2,RB,4.3
Dare Ogunbowale,3,RB,4.8
Dare Ogunbowale,4,RB,15.4
Dare Ogunbowale,5,RB,14.7
Dare Ogunbowale,6,RB,0.8
Dare Ogunbowale,7,RB,0.6
Dare Ogunbowale,8,RB,0.4
Jake Ferguson,1,TE,4.5
Jake Ferguson,3,TE,15.5
Jake Ferguson,4,TE,11.9
Jake Ferguson,5,TE,13.0
Jake Ferguson,6,TE,4.1
Jake Ferguson,7,TE,8.3
KaVontae Turpin,1,WR,6.0
KaVontae Turpin,2,WR,2.6
KaVontae Turpin,3,WR,14.2
KaVontae Turpin,5,WR,8.4
KaVontae Turpin,6,WR,6.0
KaVontae Turpin,7,WR,3.7
Kayshon Boutte,3,WR,1.2
Kayshon Boutte,4,WR,2.1
Kayshon Boutte,5,WR,5.4
Kayshon Boutte,6,WR,14.9
Kayshon Boutte,7,WR,4.3
Kayshon Boutte,8,WR,7.6
Jalen Coker,5,WR,10.8
Jalen Coker,6,WR,6.0
Jalen Coker,7,WR,2.0
Jalen Coker,8,WR,17.8
Isiah Pacheco,1,RB,15.8
Isiah Pacheco,2,RB,16.1
Spencer Rattler,6,QB,14.4
Spencer Rattler,7,QB,8.3
Spencer Rattler,8,QB,6.2
Tyjae Spears,1,RB,7.2
Tyjae Spears,2,RB,5.1
Tyjae Spears,3,RB,10.1
Tyjae Spears,4,RB,11.9
Tyjae Spears,5,RB,2.7
DJ Turner,1,WR,1.9
DJ Turner,2,WR,0.2
DJ Turner,4,WR,7.8
DJ Turner,5,WR,2.7
DJ Turner,6,WR,5.7
DJ Turner,7,WR,3.7
DJ Turner,8,WR,13.2
Tyler Goodson,2,RB,1.2
Tyler Goodson,5,RB,8.7
Tyler Goodson,6,RB,10.5
Tyler Goodson,7,RB,11.1
Taysom Hill,1,TE,4.6
Taysom Hill,2,TE,2.9
Taysom Hill,4,TE,14.4
Taysom Hill,8,TE,6.2
Juwan Johnson,1,TE,10.6
Juwan Johnson,4,TE,3.3
Juwan Johnson,5,TE,8.1
Juwan Johnson,6,TE,7.8
Juwan Johnson,7,TE,4.8
Juwan Johnson,8,TE,7.8
Josh Palmer,1,WR,3.5
Josh Palmer,2,WR,3.9
Josh Palmer,4,WR,6.6
Josh Palmer,5,WR,5.8
Josh Palmer,6,WR,10.3
Josh Palmer,7,WR,9.2
Josh Reynolds,1,WR,9.5
Josh Reynolds,2,WR,13.3
Josh Reynolds,3,WR,5.6
Josh Reynolds,5,WR,7.9
Nick Westbrook-Ikhine,5,WR,7.9
Nick Westbrook-Ikhine,6,WR,9.0
Nick Westbrook-Ikhine,7,WR,11.9
Nelson Agholor,1,WR,1.6
Nelson Agholor,2,WR,2.3
Nelson Agholor,3,WR,6.6
Nelson Agholor,4,WR,3.0
Nelson Agholor,5,WR,1.4
Nelson Agholor,6,WR,3.5
Nelson Agholor,7,WR,3.0
Nelson Agholor,8,WR,12.6
Will Dissly,1,TE,2.3
Will Dissly,2,TE,5.9
Will Dissly,3,TE,4.9
Will Dissly,4,TE,4.4
Will Dissly,5,TE,6.6
Will Dissly,6,TE,16.1
Will Dissly,7,TE,9.1
Greg Dortch,1,WR,11.1
Greg Dortch,2,WR,3.1
Greg Dortch,3,WR,6.5
Greg Dortch,4,WR,7.8
Greg Dortch,5,WR,1.7
Greg Dortch,6,WR,5.6
Greg Dortch,7,WR,7.5
Greg Dortch,8,WR,1.9
Mike Gesicki,1,TE,4.8
Mike Gesicki,2,TE,16.1
Mike Gesicki,3,TE,8.7
Mike Gesicki,4,TE,0.1
Mike Gesicki,5,TE,5.1
Mike Gesicki,7,TE,1.2
Mike Gesicki,8,TE,13.3
Evan Engram,1,TE,1.5
Evan Engram,6,TE,22.2
Evan Engram,7,TE,8.5
Evan Engram,8,TE,13.6
Elijah Moore,1,WR,3.9
Elijah Moore,2,WR,10.4
Elijah Moore,3,WR,3.7
Elijah Moore,4,WR,2.1
Elijah Moore,5,WR,4.1
Elijah Moore,6,WR,1.3
Elijah Moore,7,WR,10.1
Elijah Moore,8,WR,16.5
Aidan O'Connell,3,QB,7.3
Aidan O'Connell,5,QB,2.8
Aidan O'Connell,6,QB,12.1
Aidan O'Connell,7,QB,2.1
Dalton Schultz,1,TE,4.6
Dalton Schultz,2,TE,4.1
Dalton Schultz,3,TE,3.1
Dalton Schultz,4,TE,6.4
Dalton Schultz,5,TE,7.4
Dalton Schultz,6,TE,6.7
Dalton Schultz,7,TE,3.8
Dalton Schultz,8,TE,9.2
Sterling Shepard,4,WR,8.1
Sterling Shepard,5,WR,7.4
Sterling Shepard,6,WR,8.4
Sterling Shepard,7,WR,4.5
Sterling Shepard,8,WR,4.8
Jaylen Warren,1,RB,4.0
Jaylen Warren,2,RB,8.1
Jaylen Warren,3,RB,1.1
Jaylen Warren,6,RB,4.8
Jaylen Warren,7,RB,7.9
Jaylen Warren,8,RB,7.9
Noah Gray,1,TE,6.7
Noah Gray,3,TE,2.3
Noah Gray,4,TE,8.0
Noah Gray,5,TE,4.9
Noah Gray,6,TE,10.6
Noah Gray,7,TE,5.3
Colby Parkinson,1,TE,8.7
Colby Parkinson,2,TE,2.2
Colby Parkinson,3,TE,5.1
Colby Parkinson,4,TE,7.3
Colby Parkinson,5,TE,12.2
Colby Parkinson,6,TE,5.2
Colby Parkinson,7,TE,3.7
Samaje Perine,1,RB,2.0
Samaje Perine,2,RB,1.3
Samaje Perine,3,RB,7.0
Samaje Perine,4,RB,7.4
Samaje Perine,5,RB,3.4
Samaje Perine,6,RB,3.8
Samaje Perine,7,RB,5.0
JuJu Smith-Schuster,3,WR,9.7
JuJu Smith-Schuster,5,WR,23.0
Jamaal Williams,1,RB,12.1
Jamaal Williams,2,RB,3.9
Jamaal Williams,3,RB,0.9
Jamaal Williams,4,RB,3.9
Jamaal Williams,5,RB,0.9
Jamaal Williams,6,RB,0.7
Jamaal Williams,7,RB,1.7
Jamaal Williams,8,RB,0.4
Jordan Akins,1,TE,5.7
Jordan Akins,2,TE,2.0
Jordan Akins,3,TE,6.9
Jordan Akins,4,TE,2.0
Jordan Akins,5,TE,11.2
Jordan Akins,7,TE,8.2
D'Onta Foreman,2,RB,6.1
D'Onta Foreman,3,RB,0.5
D'Onta Foreman,4,RB,1.7
D'Onta Foreman,5,RB,7.0
D'Onta Foreman,6,RB,6.7
D'Onta Foreman,7,RB,0.5
D'Onta Foreman,8,RB,2.6
Mack Hollins,1,WR,10.5
Mack Hollins,3,WR,2.6
Mack Hollins,4,WR,1.5
Mack Hollins,5,WR,4.7
Mack Hollins,6,WR,7.8
Van Jefferson,1,WR,1.1
Van Jefferson,2,WR,3.4
Van Jefferson,4,WR,4.1
Van Jefferson,5,WR,5.6
Van Jefferson,7,WR,9.5
Van Jefferson,8,WR,10.2
Marcus Mariota,5,QB,0.1
Marcus Mariota,7,QB,19.6
Jalen McMillan,1,WR,10.2
Jalen McMillan,2,WR,3.1
Jalen McMillan,3,WR,1.6
Jalen McMillan,7,WR,5.6
Jalen McMillan,8,WR,9.2
Jordan Whittington,2,WR,4.2
Jordan Whittington,3,WR,5.8
Jordan Whittington,4,WR,12.2
Jordan Whittington,5,WR,15.9
Dyami Brown,2,WR,3.7
Dyami Brown,3,WR,3.6
Dyami Brown,4,WR,1.4
Dyami Brown,5,WR,13.7
Dyami Brown,6,WR,2.1
Dyami Brown,7,WR,3.3
Dyami Brown,8,WR,1.6
Grant Calcaterra,1,TE,2.1
Grant Calcaterra,2,TE,3.9
Grant Calcaterra,4,TE,3.6
Grant Calcaterra,5,TE,10.7
Grant Calcaterra,6,TE,1.5
Grant Calcaterra,7,TE,8.8
Ty Chandler,1,RB,7.2
Ty Chandler,2,RB,8.2
Ty Chandler,3,RB,1.3
Ty Chandler,4,RB,2.3
Ty Chandler,5,RB,5.9
Ty Chandler,6,RB,0.4
Elijah Higgins,1,TE,3.2
Elijah Higgins,2,TE,8.8
Elijah Higgins,3,TE,2.1
Elijah Higgins,4,TE,3.2
Elijah Higgins,5,TE,7.2
Elijah Higgins,7,TE,1.1
Elijah Higgins,8,TE,3.3
KhaDarel Hodge,4,WR,6.0
KhaDarel Hodge,5,WR,14.7
D'Ernest Johnson,2,RB,2.6
D'Ernest Johnson,3,RB,1.2
D'Ernest Johnson,5,RB,3.0
D'Ernest Johnson,6,RB,6.4
D'Ernest Johnson,7,RB,10.0
D'Ernest Johnson,8,RB,3.3
Josh Oliver,1,TE,4.7
Josh Oliver,4,TE,9.0
Josh Oliver,6,TE,1.5
Josh Oliver,7,TE,11.0
Jaylen Wright,2,RB,0.4
Jaylen Wright,3,RB,1.7
Jaylen Wright,4,RB,3.2
Jaylen Wright,5,RB,8.6
Jaylen Wright,6,RB,3.3
Jaylen Wright,7,RB,1.8
Tyler Boyd,1,WR,4.8
Tyler Boyd,2,WR,4.6
Tyler Boyd,3,WR,6.3
Tyler Boyd,4,WR,5.1
Tyler Boyd,5,WR,4.9
Tyler Boyd,6,WR,9.3
Tyler Boyd,7,WR,4.4
Emari Demercado,1,RB,4.6
Emari Demercado,2,RB,4.6
Emari Demercado,3,RB,0.7
Emari Demercado,4,RB,3.4
Emari Demercado,5,RB,1.0
Emari Demercado,6,RB,11.4
Emari Demercado,7,RB,1.4
Troy Franklin,3,WR,3.1
Troy Franklin,4,WR,1.8
Troy Franklin,5,WR,3.0
Troy Franklin,6,WR,11.6
Troy Franklin,7,WR,10.0
Troy Franklin,8,WR,1.9
Tyler Johnson,1,WR,12.9
Tyler Johnson,2,WR,4.0
Tyler Johnson,3,WR,5.0
Tyler Johnson,6,WR,9.7
Tyler Johnson,7,WR,1.6
Charlie Kolar,2,TE,1.4
Charlie Kolar,3,TE,4.0
Charlie Kolar,5,TE,15.6
Charlie Kolar,7,TE,2.4
Charlie Kolar,8,TE,1.9
Bub Means,6,WR,15.5
Bub Means,7,WR,6.7
Bub Means,8,WR,4.6
Adam Trautman,3,TE,2.3
Adam Trautman,5,TE,2.9
Adam Trautman,8,TE,18.5
Darnell Washington,1,TE,1.5
Darnell Washington,2,TE,7.5
Darnell Washington,4,TE,5.1
Darnell Washington,5,TE,1.5
Darnell Washington,6,TE,1.9
Darnell Washington,7,TE,7.6
Darnell Washington,8,TE,3.9
Olamide Zaccheaus,1,WR,2.5
Olamide Zaccheaus,2,WR,4.4
Olamide Zaccheaus,4,WR,14.5
Olamide Zaccheaus,5,WR,2.0
Olamide Zaccheaus,6,WR,6.7
Olamide Zaccheaus,7,WR,6.5
AJ Barner,3,TE,4.3
AJ Barner,4,TE,10.7
AJ Barner,5,TE,2.3
AJ Barner,6,TE,2.3
AJ Barner,7,TE,1.5
AJ Barner,8,TE,5.4
Austin Hooper,1,TE,5.1
Austin Hooper,2,TE,1.5
Austin Hooper,3,TE,2.9
Austin Hooper,4,TE,9.3
Austin Hooper,5,TE,1.9
Austin Hooper,6,TE,0.5
Austin Hooper,7,TE,7.2
Austin Hooper,8,TE,4.5
Kyle Juszczyk,1,FB,6.0
Kyle Juszczyk,2,FB,4.9
Kyle Juszczyk,3,FB,1.6
Kyle Juszczyk,4,FB,2.2
Kyle Juszczyk,6,FB,10.6
Kyle Juszczyk,7,FB,1.4
Kyle Juszczyk,8,FB,1.7
Tim Patrick,2,WR,3.2
Tim Patrick,3,WR,1.8
Tim Patrick,4,WR,7.2
Tim Patrick,5,WR,9.8
Tim Patrick,6,WR,4.5
Adam Thielen,1,WR,7.9
Adam Thielen,2,WR,4.0
Adam Thielen,3,WR,13.0
Devaughn Vele,1,WR,11.9
Devaughn Vele,6,WR,11.8
Devaughn Vele,7,WR,3.0
Devaughn Vele,8,WR,5.8
Ameer Abdullah,2,RB,2.2
Ameer Abdullah,3,RB,3.3
Ameer Abdullah,5,RB,14.1
Ameer Abdullah,6,RB,5.8
Ameer Abdullah,8,RB,2.1
Mo Alie-Cox,2,TE,3.2
Mo Alie-Cox,5,TE,11.7
Mo Alie-Cox,6,TE,8.1
Mecole Hardman,5,WR,7.3
Mecole Hardman,6,WR,12.5
Mecole Hardman,7,WR,1.8
Lil'Jordan Humphrey,2,WR,9.0
Lil'Jordan Humphrey,3,WR,9.7
Lil'Jordan Humphrey,5,WR,6.8
Lil'Jordan Humphrey,6,WR,1.8
Lil'Jordan Humphrey,7,WR,3.2
Lil'Jordan Humphrey,8,WR,5.2
Dawson Knox,1,TE,3.3
Dawson Knox,3,TE,1.7
Dawson Knox,4,TE,1.0
Dawson Knox,6,TE,8.2
Dawson Knox,7,TE,1.5
Dawson Knox,8,TE,7.0
Chigoziem Okonkwo,1,TE,9.5
Chigoziem Okonkwo,2,TE,4.6
Chigoziem Okonkwo,3,TE,3.5
Chigoziem Okonkwo,4,TE,1.5
Chigoziem Okonkwo,5,TE,3.6
Chigoziem Okonkwo,6,TE,9.0
Chigoziem Okonkwo,7,TE,2.4
Dameon Pierce,1,RB,1.6
Dameon Pierce,6,RB,14.7
Dameon Pierce,7,RB,0.2
Dameon Pierce,8,RB,0.4
Ja'Tavion Sanders,1,TE,1.4
Ja'Tavion Sanders,2,TE,2.8
Ja'Tavion Sanders,4,TE,3.6
Ja'Tavion Sanders,5,TE,4.3
Ja'Tavion Sanders,6,TE,9.9
Ja'Tavion Sanders,7,TE,12.1
Ja'Tavion Sanders,8,TE,1.7
Mike Williams,2,WR,2.9
Mike Williams,3,WR,6.4
Mike Williams,4,WR,10.7
Mike Williams,5,WR,4.5
Mike Williams,7,WR,2.5
Brandin Cooks,1,WR,14.5
Brandin Cooks,2,WR,3.6
Brandin Cooks,3,WR,3.6
Brandin Cooks,4,WR,2.6
Ashton Dulin,1,WR,12.4
Ashton Dulin,2,WR,2.3
Ashton Dulin,5,WR,0.9
Ashton Dulin,7,WR,1.2
Kenneth Gainwell,1,RB,2.2
Kenneth Gainwell,2,RB,0.6
Kenneth Gainwell,3,RB,3.2
Kenneth Gainwell,4,RB,0.9
Kenneth Gainwell,5,RB,2.3
Kenneth Gainwell,6,RB,7.7
Kenneth Gainwell,7,RB,1.9
Jamycal Hasty,2,RB,0.2
Jamycal Hasty,3,RB,0.5
Jamycal Hasty,4,RB,1.5
Jamycal Hasty,6,RB,3.1
Jamycal Hasty,7,RB,15.7
Theo Johnson,1,TE,2.8
Theo Johnson,3,TE,2.3
Theo Johnson,4,TE,1.6
Theo Johnson,5,TE,9.8
Theo Johnson,6,TE,6.0
Theo Johnson,8,TE,6.5
Johnny Mundt,1,TE,3.5
Johnny Mundt,2,TE,3.2
Johnny Mundt,3,TE,7.2
Johnny Mundt,4,TE,3.5
Johnny Mundt,5,TE,5.1
Johnny Mundt,6,TE,4.8
Johnny Mundt,7,TE,2.0
Puka Nacua,1,WR,8.2
Puka Nacua,7,WR,21.1
Trey Palmer,1,WR,2.9
Trey Palmer,4,WR,11.6
Trey Palmer,7,WR,2.6
Trey Palmer,8,WR,4.9
Kimani Vidal,5,RB,13.1
Kimani Vidal,6,RB,2.9
Kimani Vidal,7,RB,1.6
Zamir White,1,RB,5.6
Zamir White,2,RB,6.8
Zamir White,3,RB,3.4
Zamir White,4,RB,4.0
Zamir White,7,RB,3.7
Zamir White,8,RB,-0.1
Nick Chubb,7,RB,10.2
Nick Chubb,8,RB,5.2
Adonai Mitchell,1,WR,1.2
Adonai Mitchell,2,WR,4.0
Adonai Mitchell,4,WR,1.0
Adonai Mitchell,5,WR,9.2
Adonai Mitchell,6,WR,2.9
Adonai Mitchell,7,WR,5.0
Adonai Mitchell,8,WR,1.9
Ja'Lynn Polk,1,WR,1.6
Ja'Lynn Polk,2,WR,9.2
Ja'Lynn Polk,3,WR,3.3
Ja'Lynn Polk,4,WR,6.0
Ja'Lynn Polk,5,WR,2.3
Ja'Lynn Polk,6,WR,1.4
Erick All,2,TE,7.2
Erick All,3,TE,6.2
Erick All,4,TE,6.8
Erick All,5,TE,3.0
Erick All,6,TE,3.0
Erick All,8,TE,5.2
Trey Benson,1,RB,2.8
Trey Benson,2,RB,2.7
Trey Benson,3,RB,0.8
Trey Benson,4,RB,5.0
Trey Benson,6,RB,2.6
Trey Benson,8,RB,1.0
Jake Haener,2,QB,-0.3
Jake Haener,5,QB,1.8
Jake Haener,7,QB,5.5
Jake Haener,8,QB,5.9
Cordarrelle Patterson,1,RB,1.3
Cordarrelle Patterson,2,RB,0.3
Cordarrelle Patterson,3,RB,7.8
Cordarrelle Patterson,4,RB,8.2
Pierre Strong,1,RB,5.0
Pierre Strong,2,RB,1.5
Pierre Strong,5,RB,0.2
Pierre Strong,6,RB,9.8
Pierre Strong,7,RB,2.5
Pierre Strong,8,RB,1.3
Parker Washington,1,WR,1.3
Parker Washington,3,WR,3.8
Parker Washington,7,WR,6.0
Parker Washington,8,WR,7.6
Justin Watson,1,WR,3.5
Justin Watson,2,WR,4.2
Justin Watson,3,WR,2.3
Justin Watson,4,WR,4.7
Justin Watson,6,WR,1.8
Justin Watson,7,WR,6.3
Josh Whyle,2,TE,3.3
Josh Whyle,3,TE,8.3
Josh Whyle,4,TE,1.5
Josh Whyle,5,TE,1.2
Josh Whyle,6,TE,6.4
Josh Whyle,7,TE,5.3
Cedrick Wilson Jr.,1,WR,-1.0
Cedrick Wilson Jr.,3,WR,1.3
Cedrick Wilson Jr.,6,WR,4.8
Cedrick Wilson Jr.,7,WR,17.7
Gus Edwards,1,RB,3.8
Gus Edwards,2,RB,5.9
Gus Edwards,3,RB,0.9
Gus Edwards,4,RB,1.9
Andrew Ogletree,2,TE,2.2
Andrew Ogletree,4,TE,8.5
Andrew Ogletree,5,TE,1.5
Andrew Ogletree,6,TE,4.4
K.J. Osborn,1,WR,5.1
K.J. Osborn,2,WR,1.7
K.J. Osborn,4,WR,1.3
K.J. Osborn,7,WR,10.6
Brock Wright,1,TE,1.2
Brock Wright,3,TE,7.4
Brock Wright,4,TE,3.3
Brock Wright,7,TE,7.8
Simi Fehoko,3,WR,2.7
Simi Fehoko,5,WR,6.4
Simi Fehoko,6,WR,7.5
Alec Ingold,1,FB,0.8
Alec Ingold,2,FB,0.2
Alec Ingold,3,FB,4.4
Alec Ingold,5,FB,6.3
Alec Ingold,6,FB,2.4
Alec Ingold,7,FB,5.2
Hunter Luepke,1,RB,3.8
Hunter Luepke,3,RB,6.1
Hunter Luepke,4,RB,4.2
Hunter Luepke,5,RB,3.4
Luke McCaffrey,1,WR,4.8
Luke McCaffrey,3,WR,7.4
Luke McCaffrey,4,WR,2.7
Luke McCaffrey,5,WR,4.9
Luke McCaffrey,6,WR,1.5
Luke McCaffrey,8,WR,1.8
Jonathan Mingo,1,WR,5.3
Jonathan Mingo,2,WR,1.1
Jonathan Mingo,3,WR,5.0
Jonathan Mingo,4,WR,5.4
Jonathan Mingo,5,WR,5.7
Jonathan Mingo,6,WR,1.1
Carson Steele,1,FB,0.3
Carson Steele,2,FB,1.4
Carson Steele,3,RB,8.4
Carson Steele,4,RB,0.6
Carson Steele,5,RB,1.2
Carson Steele,6,RB,1.7
Carson Steele,7,RB,2.4
Nick Vannett,1,TE,3.1
Nick Vannett,3,TE,8.9
Nick Vannett,6,TE,6.5
Ricky Pearsall,7,WR,5.1
Ricky Pearsall,8,WR,11.7
Curtis Samuel,1,WR,3.5
Curtis Samuel,2,WR,1.3
Curtis Samuel,3,WR,5.2
Curtis Samuel,4,WR,3.5
Curtis Samuel,5,WR,0.9
Curtis Samuel,6,WR,7.4
Trent Sherfield,2,WR,2.7
Trent Sherfield,3,WR,1.8
Trent Sherfield,4,WR,1.8
Trent Sherfield,7,WR,8.0
Mason Tipton,1,WR,1.6
Mason Tipton,3,WR,3.1
Mason Tipton,4,WR,1.6
Mason Tipton,5,WR,1.2
Mason Tipton,6,WR,2.5
Mason Tipton,7,WR,10.5
Mason Tipton,8,WR,3.4
Jermaine Burton,2,WR,5.7
Jermaine Burton,8,WR,5.1
Parris Campbell,3,WR,3.3
Parris Campbell,4,WR,11.7
Blake Corum,2,RB,2.8
Blake Corum,5,RB,4.3
Blake Corum,6,RB,1.1
Blake Corum,7,RB,2.8
Connor Heyward,3,TE,1.2
Connor Heyward,5,TE,10.3
Connor Heyward,6,TE,1.4
Bo Melton,2,WR,0.8
Bo Melton,4,WR,3.8
Bo Melton,5,WR,2.2
Bo Melton,6,WR,4.3
Bo Melton,7,WR,1.7
Cade Stover,2,TE,2.8
Cade Stover,4,TE,3.7
Cade Stover,5,TE,2.6
Cade Stover,7,TE,2.5
Cade Stover,8,TE,3.9
Nate Adkins,3,TE,1.6
Nate Adkins,4,TE,1.0
Nate Adkins,5,TE,1.8
Nate Adkins,6,TE,1.5
Nate Adkins,8,TE,7.3
Jake Bobo,2,WR,3.5
Jake Bobo,4,WR,6.0
Jake Bobo,5,WR,1.3
Jake Bobo,6,WR,3.8
Jake Bobo,8,WR,2.5
Jalen Brooks,1,WR,2.8
Jalen Brooks,2,WR,2.0
Jalen Brooks,3,WR,3.4
Jalen Brooks,5,WR,2.0
Jalen Brooks,6,WR,2.5
Xavier Gipson,3,WR,3.6
Xavier Gipson,4,WR,1.6
Xavier Gipson,8,WR,7.1
Khalil Herbert,1,RB,0.4
Khalil Herbert,2,RB,8.7
Khalil Herbert,3,RB,0.9
Lucas Krull,5,TE,1.5
Lucas Krull,6,TE,3.1
Lucas Krull,7,TE,7.1
Lucas Krull,8,TE,3.8
David Moore,1,WR,2.4
David Moore,5,WR,3.3
David Moore,6,WR,3.7
David Moore,8,WR,7.9
Laviska Shenault Jr.,1,WR,1.1
Laviska Shenault Jr.,2,WR,1.6
Laviska Shenault Jr.,3,WR,1.2
Laviska Shenault Jr.,4,WR,2.8
Laviska Shenault Jr.,6,WR,5.0
Laviska Shenault Jr.,8,WR,2.0
Skylar Thompson,2,QB,3.6
Skylar Thompson,3,QB,4.3
Kristian Wilkerson,6,WR,9.8
Tim Boyle,3,QB,3.8
Tim Boyle,6,QB,3.4
DeAndre Carter,1,WR,1.6
DeAndre Carter,2,WR,6.2
DeAndre Carter,3,WR,5.2
DeAndre Carter,7,WR,1.7
Marvin Mims,2,WR,2.0
Marvin Mims,3,WR,1.9
Marvin Mims,5,WR,3.4
Marvin Mims,7,WR,3.8
Marvin Mims,8,WR,1.8
Eric Saubert,2,TE,4.6
Eric Saubert,3,TE,6.1
Ben Sinnott,7,TE,8.6
Blake Whiteheart,4,TE,10.3
Tyler Badie,2,RB,2.8
Tyler Badie,3,RB,7.0
Tyler Badie,4,RB,0.6
Harrison Bryant,4,TE,4.1
Harrison Bryant,6,TE,5.4
Harrison Bryant,7,TE,3.9
Julius Chestnut,5,RB,0.2
Julius Chestnut,6,RB,3.4
Julius Chestnut,7,RB,3.2
DeeJay Dallas,1,RB,6.0
Eric Gray,1,RB,2.5
Eric Gray,3,RB,-1.0
Eric Gray,4,RB,0.1
Eric Gray,5,RB,7.4
Eric Gray,6,RB,1.3
Eric Gray,7,RB,1.9
Eric Gray,8,RB,1.3
C.J. Ham,1,FB,2.1
C.J. Ham,5,FB,7.0
Hayden Hurst,1,TE,5.3
Hayden Hurst,2,TE,1.5
Hayden Hurst,3,TE,3.5
Hayden Hurst,4,TE,1.6
Xavier Hutchinson,1,WR,1.3
Xavier Hutchinson,5,WR,5.1
Xavier Hutchinson,7,WR,2.1
Xavier Hutchinson,8,WR,2.9
Rakim Jarrett,8,WR,8.8
Ryan Miller,6,WR,4.9
Ryan Miller,8,WR,4.9
Jalen Reagor,6,WR,4.0
Jalen Reagor,7,WR,5.5
Patrick Ricard,4,FB,6.0
Luke Schoonmaker,2,TE,10.3
Luke Schoonmaker,3,TE,1.5
Luke Schoonmaker,5,TE,1.8
Tyrod Taylor,1,QB,6.1
Jacob Cowing,7,WR,7.0
Jahan Dotson,2,WR,1.6
Jahan Dotson,3,WR,2.8
Jahan Dotson,4,WR,3.1
Jahan Dotson,5,WR,3.3
Kylen Granson,2,TE,1.9
Kylen Granson,3,TE,5.0
Kylen Granson,8,TE,1.4
Julian Hill,1,TE,1.6
Julian Hill,3,TE,4.4
Julian Hill,6,TE,1.4
Julian Hill,7,TE,4.1
Charlie Jones,1,WR,0.5
Charlie Jones,7,WR,6.0
Kendre Miller,7,RB,5.7
Kendre Miller,8,RB,1.6
Ronnie Rivers,1,RB,1.6
Ronnie Rivers,2,RB,1.0
Ronnie Rivers,3,RB,0.9
Ronnie Rivers,4,RB,2.6
Jeremy Ruckert,3,TE,3.5
Jeremy Ruckert,4,TE,3.0
Jeremy Ruckert,6,TE,2.7
Jeremy Ruckert,8,TE,4.4
Tyquan Thornton,1,WR,4.7
Tyquan Thornton,8,WR,4.0
Tommy Tremble,2,TE,5.3
Tommy Tremble,3,TE,5.9
Tommy Tremble,5,TE,0.7
Tommy Tremble,8,TE,3.3
Jeff Wilson,1,RB,2.6
Jeff Wilson,2,RB,3.2
Jeff Wilson,3,RB,1.4
Robert Woods,3,WR,3.8
Robert Woods,4,WR,2.0
Robert Woods,8,WR,3.8
Chris Brooks,3,RB,0.3
Chris Brooks,6,RB,2.1
Chris Brooks,8,RB,2.7
Treylon Burks,1,WR,1.3
Treylon Burks,3,WR,1.9
Treylon Burks,4,WR,2.3
Treylon Burks,5,WR,2.0
Michael Burton,1,FB,1.3
Michael Burton,2,FB,1.1
Michael Burton,4,FB,1.3
Michael Burton,5,FB,1.5
Michael Burton,8,FB,3.8
Derius Davis,1,WR,0.9
Derius Davis,3,WR,0.8
Derius Davis,5,WR,3.2
D'Wayne Eskridge,3,WR,4.0
D'Wayne Eskridge,7,WR,1.6
Audric Estime,1,RB,1.4
Audric Estime,6,RB,1.3
Audric Estime,7,RB,1.9
Audric Estime,8,RB,0.4
Hunter Long,5,TE,3.6
Hunter Long,6,TE,1.5
Hunter Long,7,TE,2.8
John Metchie,4,WR,1.7
John Metchie,8,WR,5.9
Ben Sims,6,TE,5.8
Ben Sims,7,TE,1.2
Stone Smartt,5,TE,2.0
Stone Smartt,6,TE,4.1
Xavier Smith,5,WR,2.6
Xavier Smith,6,WR,3.0
Patrick Taylor,6,RB,3.8
Patrick Taylor,8,RB,0.9
Dorian Thompson-Robinson,7,QB,5.7
Alex Bachman,6,WR,6.1
John Bates,2,TE,1.5
John Bates,4,TE,1.9
John Bates,8,TE,3.0
Daniel Bellinger,1,TE,1.3
Daniel Bellinger,3,TE,2.7
Daniel Bellinger,7,TE,2.1
David Bell,2,WR,5.7
Kendrick Bourne,5,WR,1.6
Kendrick Bourne,6,WR,2.9
Kendrick Bourne,7,WR,2.4
Britain Covey,2,WR,8.3
Britain Covey,3,WR,2.1
Greg Dulcich,1,TE,3.2
Greg Dulcich,2,TE,4.6
Gerald Everett,1,TE,0.9
Gerald Everett,2,TE,2.1
Gerald Everett,5,TE,4.2
Gerald Everett,7,TE,1.3
Luke Farrell,2,TE,3.3
Luke Farrell,3,TE,1.1
Luke Farrell,5,TE,3.7
Malik Heath,4,WR,3.2
Malik Heath,5,WR,3.4
Davis Mills,3,QB,3.2
Scott Miller,3,WR,5.1
Jordan Mims,1,RB,1.1
Jordan Mims,6,RB,3.8
Brandon Powell,2,WR,3.6
Brandon Powell,3,WR,2.3
Drew Sample,2,TE,5.8
Drew Sample,4,TE,1.0
Marquez Valdes-Scantling,1,WR,2.9
Marquez Valdes-Scantling,3,WR,1.7
Deuce Vaughn,1,RB,0.4
Deuce Vaughn,2,RB,2.7
Deuce Vaughn,3,RB,2.3
Tylan Wallace,5,WR,5.1
Ronnie Bell,3,WR,2.2
Ronnie Bell,7,WR,2.0
Pharaoh Brown,3,TE,1.9
Pharaoh Brown,4,TE,1.3
Pharaoh Brown,5,TE,1.7
Tanner Conner,3,TE,1.1
Tanner Conner,4,TE,3.5
Dalvin Cook,7,RB,3.2
Isaiah Davis,3,RB,0.6
Isaiah Davis,7,RB,1.2
Hassan Haskins,2,RB,1.1
Hassan Haskins,5,RB,0.5
Hassan Haskins,6,RB,0.2
Travis Homer,1,RB,1.0
Travis Homer,2,RB,0.6
Trenton Irwin,1,WR,1.6
Trenton Irwin,2,WR,1.5
Trenton Irwin,8,WR,1.4
Tim Jones,8,WR,3.0
MarShawn Lloyd,2,RB,2.8
Drew Lock,7,QB,1.5
Michael Mayer,1,TE,2.3
Michael Mayer,2,TE,2.1
Michael Mayer,3,TE,1.7
Jase McClellan,7,RB,1.7
Kenny McIntosh,3,RB,1.1
Kenny McIntosh,7,RB,0.5
Luke Musgrave,2,TE,1.6
Luke Musgrave,3,TE,1.3
Luke Musgrave,4,TE,4.3
MyCole Pruitt,1,TE,1.9
MyCole Pruitt,8,TE,2.0
Craig Reynolds,5,RB,2.1
Craig Reynolds,7,RB,0.3
Aaron Shampklin,4,RB,0.5
Aaron Shampklin,5,RB,1.4
Aaron Shampklin,6,RB,-0.2
Brevyn Spann-Ford,5,TE,4.0
J.J. Taylor,3,RB,2.3
J.J. Taylor,4,RB,1.8
Sione Vaki,2,RB,2.7
Sione Vaki,5,RB,0.5
Jonathan Ward,5,RB,0.9
Jonathan Ward,6,RB,1.3
Malik Washington,4,WR,1.8
Malik Washington,6,WR,2.9
Charlie Woerner,1,TE,1.4
Charlie Woerner,8,TE,2.3
Kyle Allen,5,QB,0.8
Robbie Chosen,2,WR,1.5
Mike Boone,1,RB,0.7
Jamison Crowder,1,WR,1.5
Jaelon Darden,6,WR,1.6
Josiah Deguara,3,TE,1.8
Josiah Deguara,5,TE,1.2
Grant Dubose,2,WR,2.3
Payne Durham,3,TE,1.8
Devin Duvernay,1,WR,0.3
Devin Duvernay,2,WR,0.4
Devin Duvernay,3,WR,0.9
Devin Duvernay,5,WR,0.3
Jody Fortson,5,TE,1.5
Myles Gaskin,1,RB,-0.3
Myles Gaskin,5,RB,2.3
Taylor Heinicke,3,QB,1.0
Isaiah Hodgins,6,WR,1.5
Hendon Hooker,5,QB,0.7
Hendon Hooker,7,QB,0.2
Jalin Hyatt,6,WR,1.6
Terrell Jennings,6,RB,1.3
Brandon Johnson,5,WR,1.9
Brevin Jordan,1,TE,1.3
Brevin Jordan,2,TE,1.4
Will Mallory,5,TE,1.7
Will Mallory,7,TE,1.5
Tyreik McAllister,4,WR,1.1
Nick Mullens,5,QB,1.0
Michael Penix,7,QB,0.6
Tip Reiman,5,TE,1.5
Tip Reiman,7,TE,1.1
John Ross,4,WR,1.6
John Samuel Shenker,8,TE,1.7
Will Shipley,6,RB,1.5
Will Shipley,7,RB,-0.3
Durham Smythe,2,TE,1.8
Durham Smythe,3,TE,1.3
Jack Stoll,4,TE,1.4
Jack Stoll,7,TE,1.6
Geoff Swaim,8,TE,1.7
Eric Tomlinson,6,TE,1.7
Casey Washington,7,WR,2.4
Jared Wiley,2,TE,1.7
Isaiah Williams,7,WR,2.6
Johnny Wilson,3,WR,1.9
Brandon Allen,1,QB,-0.1
British Brooks,3,RB,0.2
Chris Conley,2,WR,1.4
Malachi Corley,2,WR,1.4
Tanner Hudson,1,TE,2.8
Velus Jones Jr.,1,WR,1.9
Zay Jones,8,WR,1.3
Marcedes Lewis,6,TE,1.2
James Proche,4,WR,1.3
Cooper Rush,1,QB,-0.1
Cooper Rush,2,QB,0.2
Cooper Rush,6,QB,1.0
Jarrett Stidham,7,QB,-0.2
Ian Thomas,7,TE,2.4
Kyle Trask,1,QB,-0.2
Brycen Tremayne,5,WR,0.8
Mitchell Trubisky,2,QB,-0.2
Mitchell Trubisky,4,QB,0.1
Mitchell Trubisky,8,QB,-0.3
Tyson Bagent,5,QB,-0.4
Tyson Bagent,6,QB,-0.3
Ryan Flournoy,6,WR,1.2
Mac Jones,3,QB,-0.1
Mac Jones,6,QB,0.2
Dylan Laube,6,RB,-1.0
Steven Sims,4,WR,-1.0
Clayton Tune,2,QB,-1.6
Clayton Tune,7,QB,0.2
